{
    "Isolation_Forest": {
        "Anomalies": 429,
        "Percentage": 2.4075425108030752,
        "Threshold": 0.6
    },
    "Linear_Regression": {
        "MAE": 0.11737761636706169,
        "RMSE": 0.254518747067795,
        "R\u00b2": 0.9971255485815003
    },
    "KNN": {
        "Best_k": 1,
        "Accuracy": 0.9997194163860831,
        "Weights": "distance"
    }
}